Type,Indicator,Souce
domain,admin.thetruthspy.com,original
domain,ambientrecord.thetruthspy.com,original
domain,android.thetruthspy.com,original
domain,apk.thetruthspy.com,original
domain,app.thetruthspy.com,original
domain,apps.thetruthspy.com,original
domain,backend.thetruthspy.com,original
domain,cp.thetruthspy.com,original
domain,d.thetruthspy.com,original
domain,download.thetruthspy.com,original
domain,droid.thetruthspy.com,original
domain,email.thetruthspy.com,original
domain,forum.thetruthspy.com,original
domain,ftp.thetruthspy.com,original
domain,imap.thetruthspy.com,original
domain,ios.thetruthspy.com,original
domain,iphone.thetruthspy.com,original
domain,mail.thetruthspy.com,original
domain,media-sync-a.thetruthspy.com,original
domain,media-sync-a810.thetruthspy.com,original
domain,media-sync-a815.thetruthspy.com,original
domain,media-sync-a830.thetruthspy.com,original
domain,media-sync-a835.thetruthspy.com,original
domain,media.thetruthspy.com,original
domain,mobiletracker.thetruthspy.com,original
domain,my.thetruthspy.com,original
domain,mydev.thetruthspy.com,original
domain,protocol-a.thetruthspy.com,original
domain,protocol-a720.thetruthspy.com,original
domain,protocol-a721.thetruthspy.com,original
domain,protocol-a722.thetruthspy.com,original
domain,protocol-a723.thetruthspy.com,original
domain,protocol-a724.thetruthspy.com,original
domain,protocol-a725.thetruthspy.com,original
domain,protocol-a726.thetruthspy.com,original
domain,protocol-a727.thetruthspy.com,original
domain,protocol-a728.thetruthspy.com,original
domain,protocol-a729.thetruthspy.com,original
domain,protocol-a730.thetruthspy.com,original
domain,protocol-a731.thetruthspy.com,original
domain,protocol-a732.thetruthspy.com,original
domain,protocol-a733.thetruthspy.com,original
domain,protocol-a734.thetruthspy.com,original
domain,protocol-a735.thetruthspy.com,original
domain,protocol-a736.thetruthspy.com,original
domain,protocol-a737.thetruthspy.com,original
domain,protocol-a738.thetruthspy.com,original
domain,protocol-a739.thetruthspy.com,original
domain,protocol-a740.thetruthspy.com,original
domain,protocol-a741.thetruthspy.com,original
domain,protocol-a742.thetruthspy.com,original
domain,protocol-a743.thetruthspy.com,original
domain,protocol-a744.thetruthspy.com,original
domain,protocol-a745.thetruthspy.com,original
domain,protocol-a746.thetruthspy.com,original
domain,protocol-a747.thetruthspy.com,original
domain,protocol-a748.thetruthspy.com,original
domain,protocol-a749.thetruthspy.com,original
domain,protocol-a810.thetruthspy.com,original
domain,protocol-a815.thetruthspy.com,original
domain,protocol-a830.thetruthspy.com,original
domain,protocol-a835.thetruthspy.com,original
domain,protocol-a895.thetruthspy.com,original
domain,protocol-a910.thetruthspy.com,original
domain,protocol-a915.thetruthspy.com,original
domain,protocol-a930.thetruthspy.com,original
domain,protocol-a935.thetruthspy.com,original
domain,protocol.thetruthspy.com,original
domain,protocoldev.thetruthspy.com,original
domain,shop.thetruthspy.com,original
domain,smtp.thetruthspy.com,original
domain,support.thetruthspy.com,original
domain,thetruthspy.com,original
domain,www.thetruthspy.com,original
domain,app.appspy.net,original
domain,appspy.net,original
domain,www.appspy.net,original
domain,autodiscover.catwatchful.com,original
domain,catwatchful.com,original
domain,cp.catwatchful.com,original
domain,cpanel.catwatchful.com,original
domain,cpcalendars.catwatchful.com,original
domain,cpcontacts.catwatchful.com,original
domain,mail.catwatchful.com,original
domain,webdisk.catwatchful.com,original
domain,webmail.catwatchful.com,original
domain,www.catwatchful.com,original
domain,www.cp.catwatchful.com,original
domain,account.logger.mobi,original
domain,api-beta.logger.mobi,original
domain,beta-api.logger.mobi,original
domain,beta.logger.mobi,original
domain,dev.logger.mobi,original
domain,link.logger.mobi,original
domain,logger.mobi,original
domain,myservices.logger.mobi,original
domain,sandbox97.logger.mobi,original
domain,www.logger.mobi,original
domain,freeandroidspy.com,original
domain,mx.freeandroidspy.com,original
domain,my.freeandroidspy.com,original
domain,server.freeandroidspy.com,original
domain,www.freeandroidspy.com,original
domain,www.my.freeandroidspy.com,original
domain,admin.guestspy.com,original
domain,android.guestspy.com,original
domain,apk.guestspy.com,original
domain,app.guestspy.com,original
domain,apps.guestspy.com,original
domain,d.guestspy.com,original
domain,download.guestspy.com,original
domain,droid.guestspy.com,original
domain,email.guestspy.com,original
domain,forum.guestspy.com,original
domain,ftp.guestspy.com,original
domain,guestspy.com,original
domain,iphone.guestspy.com,original
domain,media.guestspy.com,original
domain,my.guestspy.com,original
domain,mydev.guestspy.com,original
domain,protocol-a.guestspy.com,original
domain,protocol-a5.guestspy.com,original
domain,protocol-a58.guestspy.com,original
domain,protocol-a59.guestspy.com,original
domain,protocol-a60.guestspy.com,original
domain,protocol-a65.guestspy.com,original
domain,protocol-a70.guestspy.com,original
domain,support.guestspy.com,original
domain,sync-a.guestspy.com,original
domain,sync-a58.guestspy.com,original
domain,sync-a59.guestspy.com,original
domain,sync-a60.guestspy.com,original
domain,sync-a65.guestspy.com,original
domain,sync-a70.guestspy.com,original
domain,www.guestspy.com,original
domain,ambientrecord.ispyoo.com,original
domain,android.ispyoo.com,original
domain,d.ispyoo.com,original
domain,download.ispyoo.com,original
domain,droid.ispyoo.com,original
domain,forum.ispyoo.com,original
domain,ispyoo.com,original
domain,media.ispyoo.com,original
domain,my.ispyoo.com,original
domain,protocol-a.ispyoo.com,original
domain,protocol-a780.ispyoo.com,original
domain,protocol-a810.ispyoo.com,original
domain,protocol-a811.ispyoo.com,original
domain,protocol.ispyoo.com,original
domain,support.ispyoo.com,original
domain,www.ispyoo.com,original
domain,mail.mobispy.net,original
domain,mobispy.net,original
domain,my.mobispy.net,original
domain,webmail.mobispy.net,original
domain,www.mobispy.net,original
domain,app.netspy.net,original
domain,netspy.net,original
domain,www.netspy.net,original
domain,cabinet.reptilicus.net,original
domain,data.reptilicus.net,original
domain,dev-test.reptilicus.net,original
domain,dev.reptilicus.net,original
domain,forum.reptilicus.net,original
domain,git.reptilicus.net,original
domain,mail.reptilicus.net,original
domain,report.reptilicus.net,original
domain,reptilicus.net,original
domain,test.reptilicus.net,original
domain,test1.reptilicus.net,original
domain,www.reptilicus.net,original
domain,shadow-logs.com,original
domain,www.shadow-logs.com,original
domain,app.snoopza.com,original
domain,app2.snoopza.com,original
domain,demo.snoopza.com,original
domain,dev.snoopza.com,original
domain,flower.snoopza.com,original
domain,get.snoopza.com,original
domain,my.snoopza.com,original
domain,my2.snoopza.com,original
domain,newdemo.snoopza.com,original
domain,snoopza.com,original
domain,www.snoopza.com,original
domain,apispyhuman.com,original
domain,file.apispyhuman.com,original
domain,www.apispyhuman.com,original
domain,ns1.spy-datacenter.com,original
domain,ns2.spy-datacenter.com,original
domain,spy-datacenter.com,original
domain,www.spy-datacenter.com,original
domain,account.spy2mobile.com,original
domain,forum.spy2mobile.com,original
domain,proxy.spy2mobile.com,original
domain,proxy1.spy2mobile.com,original
domain,proxy2.spy2mobile.com,original
domain,spy2mobile.com,original
domain,www.spy2mobile.com,original
domain,mail.tchsrvce.com,original
domain,tchsrvce.com,original
domain,www.tchsrvce.com,original
domain,autodiscover.onlinefundb.com,original
domain,callsmstracker.onlinefundb.com,original
domain,cpanel.onlinefundb.com,original
domain,cpcalendars.onlinefundb.com,original
domain,cpcontacts.onlinefundb.com,original
domain,initialcloudflare.onlinefundb.com,original
domain,mail.onlinefundb.com,original
domain,onlinefundb.com,original
domain,webdisk.onlinefundb.com,original
domain,webmail.onlinefundb.com,original
domain,www.callsmstracker.onlinefundb.com,original
domain,www.onlinefundb.com,original
domain,m.trackmyphones.com,original
domain,trackmyphones.com,original
domain,www.trackmyphones.com,original
domain,fortress.net,original
domain,mail.fortress.net,original
domain,www.fortress.net,original
domain,de.wisemo.com,original
domain,dns0v64-hq.wisemo.com,original
domain,dns0v64-hq0.wisemo.com,original
domain,dns0v64-hq2.wisemo.com,original
domain,dns0v6n-hq.wisemo.com,original
domain,dns0v6n-hq2.wisemo.com,original
domain,download.wisemo.com,original
domain,gw1v64-hq0.wisemo.com,original
domain,gw1v64-hq1.wisemo.com,original
domain,gw2gw1v64-hq.wisemo.com,original
domain,gw2gw1v64-hq0.wisemo.com,original
domain,gw2gw1v64-hq1.wisemo.com,original
domain,gw2v64-hq0.wisemo.com,original
domain,gw2v64-hq1.wisemo.com,original
domain,gwv64-hq.wisemo.com,original
domain,gwv64-hq1.wisemo.com,original
domain,hq.wisemo.com,original
domain,hq0.wisemo.com,original
domain,hq1.wisemo.com,original
domain,hq2.wisemo.com,original
domain,hq2v64.wisemo.com,original
domain,hq2v6n.wisemo.com,original
domain,hqv64.wisemo.com,original
domain,hqv6n.wisemo.com,original
domain,imap-hq.wisemo.com,original
domain,imap-hq0.wisemo.com,original
domain,imap-hq2.wisemo.com,original
domain,imapv64-hq.wisemo.com,original
domain,imapv64-hq0.wisemo.com,original
domain,imapv64-hq2.wisemo.com,original
domain,imapv6n-hq.wisemo.com,original
domain,imapv6n-hq2.wisemo.com,original
domain,lb3.wisemo.com,original
domain,lb3test.wisemo.com,original
domain,lb3testa.wisemo.com,original
domain,lb3testv64.wisemo.com,original
domain,lb3v64.wisemo.com,original
domain,lb4.wisemo.com,original
domain,lb4a.wisemo.com,original
domain,lb4v64.wisemo.com,original
domain,mx1v64-hq.wisemo.com,original
domain,mx1v64-hq0.wisemo.com,original
domain,mx1v64-hq2.wisemo.com,original
domain,mx1v64.wisemo.com,original
domain,mx1v6n-hq.wisemo.com,original
domain,mx1v6n-hq2.wisemo.com,original
domain,mx1v6n.wisemo.com,original
domain,mycloud-cs10.wisemo.com,original
domain,mycloud-cs10a.wisemo.com,original
domain,mycloud-cs11.wisemo.com,original
domain,mycloud-cs11a.wisemo.com,original
domain,mycloud-cs11old.wisemo.com,original
domain,mycloud-cs12.wisemo.com,original
domain,mycloud-cs12a.wisemo.com,original
domain,mycloud-cs14.wisemo.com,original
domain,mycloud-cs15.wisemo.com,original
domain,mycloud-cs15a.wisemo.com,original
domain,mycloud-cs16.wisemo.com,original
domain,mycloud-cs16a.wisemo.com,original
domain,mycloud-cs17.wisemo.com,original
domain,mycloud-cs17a.wisemo.com,original
domain,mycloud-cs18.wisemo.com,original
domain,mycloud-cs18a.wisemo.com,original
domain,mycloud-cs3.wisemo.com,original
domain,mycloud-cs4.wisemo.com,original
domain,mycloud-cs4a.wisemo.com,original
domain,mycloud-cs5.wisemo.com,original
domain,mycloud-cs5a.wisemo.com,original
domain,mycloud-cs9.wisemo.com,original
domain,mycloud.wisemo.com,original
domain,net243v64-hq.wisemo.com,original
domain,net243v64-hq0.wisemo.com,original
domain,net243v64-hq2.wisemo.com,original
domain,net243v6n-hq.wisemo.com,original
domain,net243v6n-hq2.wisemo.com,original
domain,net244v64-hq.wisemo.com,original
domain,net244v64-hq0.wisemo.com,original
domain,net244v64-hq1.wisemo.com,original
domain,net244v64-hq2.wisemo.com,original
domain,net244v6n-hq.wisemo.com,original
domain,net244v6n-hq1.wisemo.com,original
domain,net244v6n-hq2.wisemo.com,original
domain,net247v64-hq0.wisemo.com,original
domain,net247v64-hq1.wisemo.com,original
domain,net247v6n-hq1.wisemo.com,original
domain,netv64-hq.wisemo.com,original
domain,netv64-hq0.wisemo.com,original
domain,netv64-hq1.wisemo.com,original
domain,netv6n-hq.wisemo.com,original
domain,netv6n-hq1.wisemo.com,original
domain,shop.wisemo.com,original
domain,skins.wisemo.com,original
domain,skins2.wisemo.com,original
domain,skinsde.wisemo.com,original
domain,smtp-hq.wisemo.com,original
domain,smtp-hq0.wisemo.com,original
domain,smtp-hq2.wisemo.com,original
domain,support.wisemo.com,original
domain,wisemo.com,original
domain,www-hq.wisemo.com,original
domain,www-hq0.wisemo.com,original
domain,www-hq2.wisemo.com,original
domain,www.wisemo.com,original
domain,ixnore.xnore.com,original
domain,ns1.xnore.com,original
domain,ns2.xnore.com,original
domain,www.ixnore.xnore.com,original
domain,www.xnore.com,original
domain,xnore.com,original
domain,bin5y4muil.execute-api.us-east-1.amazonaws.com,https://github.com/craiu/mobiletrackers
domain,8balwalz1i.execute-api.us-east-2.amazonaws.com,https://github.com/craiu/mobiletrackers
domain,api.smartechmetrics.com,https://github.com/craiu/mobiletrackers
domain,ck-running-apps-700f1.firebaseio.com,https://github.com/craiu/mobiletrackers
domain,pie.wirelessregistry.com,https://github.com/craiu/mobiletrackers
domain,udata.elephantdata.net,https://github.com/craiu/mobiletrackers
domain,atb.bearclod.com,https://github.com/craiu/mobiletrackers
domain,alb.bearclod.com,https://github.com/craiu/mobiletrackers
domain,aly.bearclod.com,https://github.com/craiu/mobiletrackers
domain,alz.bearclod.com,https://github.com/craiu/mobiletrackers
domain,atb.bearclod.com,https://github.com/craiu/mobiletrackers
domain,bivitis.bearclod.com,https://github.com/craiu/mobiletrackers
domain,brt.bearclod.com,https://github.com/craiu/mobiletrackers
domain,brul.bearclod.com,https://github.com/craiu/mobiletrackers
domain,hfstat.bearclod.com,https://github.com/craiu/mobiletrackers
domain,hkn01.bearclod.com,https://github.com/craiu/mobiletrackers
domain,ply.bearclod.com,https://github.com/craiu/mobiletrackers
domain,zoo.bearclod.com,https://github.com/craiu/mobiletrackers
domain,settings.crashlytics.com,https://github.com/craiu/mobiletrackers
domain,e.crashlytics.com,https://github.com/craiu/mobiletrackers
domain,sdk.starbolt.io,https://github.com/craiu/mobiletrackers
domain,dmp.starbolt.io,https://github.com/craiu/mobiletrackers
domain,devices.starbolt.io,https://github.com/craiu/mobiletrackers
domain,android-quinoa-config-prod.sense360eng.com,https://github.com/craiu/mobiletrackers
domain,survey-notify-event.sense360eng.com,https://github.com/craiu/mobiletrackers
domain,quinoa-personal-identify-prod.sense360eng.com,https://github.com/craiu/mobiletrackers
domain,app-measurement.com,https://github.com/craiu/mobiletrackers
domain,mobile-collector.newrelic.com,https://github.com/craiu/mobiletrackers
domain,mobile-crash.newrelic.com,https://github.com/craiu/mobiletrackers
domain,data.mistat.india.xiaomi.com,https://github.com/craiu/mobiletrackers
domain,data.mistat.intl.xiaomi.com,https://github.com/craiu/mobiletrackers
domain,data.mistat.rus.xiaomi.com,https://github.com/craiu/mobiletrackers
domain,tracking.rus.miui.com,https://github.com/craiu/mobiletrackers
domain,tracking.intl.miui.com,https://github.com/craiu/mobiletrackers
domain,tracking.india.miui.com,https://github.com/craiu/mobiletrackers
domain,sa.api.intl.miui.com,https://github.com/craiu/mobiletrackers
domain,sa.api.india.miui.com,https://github.com/craiu/mobiletrackers
domain,sa.api.rus.miui.com,https://github.com/craiu/mobiletrackers
domain,api.myendpoint.io,https://github.com/craiu/mobiletrackers
domain,ti.domainforlite.com,https://github.com/craiu/mobiletrackers
domain,uu.domainforlite.com,https://github.com/craiu/mobiletrackers
domain,adserver.hahamobi.com,https://github.com/craiu/mobiletrackers
domain,analytics.hahamobi.com,https://github.com/craiu/mobiletrackers
domain,analytics.salmonads.com,https://github.com/craiu/mobiletrackers
domain,api.salmonads.com,https://github.com/craiu/mobiletrackers
domain,dat.funheroic.com,https://github.com/craiu/mobiletrackers
domain,lg.luckyforworlds.com,https://github.com/craiu/mobiletrackers
domain,lg.requestads.com,https://github.com/craiu/mobiletrackers
domain,lg.smardroid.com,https://github.com/craiu/mobiletrackers
domain,log.adywind.com,https://github.com/craiu/mobiletrackers
domain,log.mobpowertech.com,https://github.com/craiu/mobiletrackers
domain,net.hahamobi.com,https://github.com/craiu/mobiletrackers
domain,net.salmonads.com,https://github.com/craiu/mobiletrackers
domain,us01.salmonads.com,https://github.com/craiu/mobiletrackers
domain,uu.domainforlite.com,https://github.com/craiu/mobiletrackers
domain,www.ywupscsff.com,https://github.com/craiu/mobiletrackers
domain,www.mzeibiyr.com,https://github.com/craiu/mobiletrackers
domain,i151125.infourl.net,https://github.com/craiu/mobiletrackers
domain,www.jueoxdr.com,https://github.com/craiu/mobiletrackers
domain,ufz.doesxyz.com,https://github.com/craiu/mobiletrackers
domain,htapi.getapiv8.com,https://github.com/craiu/mobiletrackers
domain,stable.icecyber.org,https://github.com/craiu/mobiletrackers
domain,404mobi.com,https://github.com/craiu/mobiletrackers
domain,51ginkgo.com,https://github.com/craiu/mobiletrackers
domain,lbjg7.com,https://github.com/craiu/mobiletrackers
domain,bigdata800.com,https://github.com/craiu/mobiletrackers
domain,apd1.warnlog.com,https://github.com/craiu/mobiletrackers
domain,apd1.thunup.com,https://github.com/craiu/mobiletrackers
domain,n.systemlog.me,https://github.com/craiu/mobiletrackers
domain,setting.rayjump.com,https://github.com/craiu/mobiletrackers
domain,analytics.rayjump.com,https://github.com/craiu/mobiletrackers
domain,net.cleverjp.com,https://github.com/craiu/mobiletrackers
domain,arcpi.nextialive.roimaster.site,https://github.com/craiu/mobiletrackers
domain,api.nextialive.roimaster.site,https://github.com/craiu/mobiletrackers
domain,ws.nextialive.roimaster.site,https://github.com/craiu/mobiletrackers
domain,nextialive.roimaster.site,https://github.com/craiu/mobiletrackers
domain,api.dev.chat.roimaster.site,https://github.com/craiu/mobiletrackers
domain,dev.chat.roimaster.site,https://github.com/craiu/mobiletrackers
domain,2j1i9uqw.oss-eu-central-1.aliyuncs.com,https://github.com/craiu/mobiletrackers
domain,blackdragon03.oss-ap-southeast-5.aliyuncs.com,https://github.com/craiu/mobiletrackers
domain,blackdragon.oss-ap-southeast-5.aliyuncs.com,https://github.com/craiu/mobiletrackers
domain,fgcxweasqw.oss-eu-central-1.aliyuncs.com,https://github.com/craiu/mobiletrackers
domain,jk8681oy.oss-eu-central-1.aliyuncs.com,https://github.com/craiu/mobiletrackers
domain,laodaoo.oss-ap-southeast-5.aliyuncs.com,https://github.com/craiu/mobiletrackers
domain,laodaoo.oss-ap-southeast-5.aliyuncs.com,https://github.com/craiu/mobiletrackers
domain,n47n.oss-ap-southeast-5.aliyuncs.com,https://github.com/craiu/mobiletrackers
domain,nineth03.oss-ap-southeast-5.aliyuncs.com,https://github.com/craiu/mobiletrackers
domain,proxy48.oss-eu-central-1.aliyuncs.com,https://github.com/craiu/mobiletrackers
domain,rinimae.oss-ap-southeast-5.aliyuncs.com,https://github.com/craiu/mobiletrackers
domain,sahar.oss-us-east-1.aliyuncs.com,https://github.com/craiu/mobiletrackers
domain,2fapass.club,https://github.com/craiu/mobiletrackers
domain,androidradio.life,https://github.com/craiu/mobiletrackers
domain,downdating.club,https://github.com/craiu/mobiletrackers
domain,fitnessstrategy.xyz,https://github.com/craiu/mobiletrackers
domain,groovefitness.xyz,https://github.com/craiu/mobiletrackers
domain,loversfinder.xyz,https://github.com/craiu/mobiletrackers
domain,positivefitness.club,https://github.com/craiu/mobiletrackers
domain,safeyourdata.xyz,https://github.com/craiu/mobiletrackers
domain,sport4ever.club,https://github.com/craiu/mobiletrackers
domain,vipyoga.today,https://github.com/craiu/mobiletrackers
domain,weatherclub.club,https://github.com/craiu/mobiletrackers
domain,yoga4u.xyz,https://github.com/craiu/mobiletrackers
domain,yqchpwxvbg.execute-api.us-east-1.amazonaws.com,https://github.com/craiu/mobiletrackers
domain,pn8sm7rjuc.execute-api.us-east-1.amazonaws.com,https://github.com/craiu/mobiletrackers
domain,api.findgravy.com,https://github.com/craiu/mobiletrackers
domain,nwzhmwux-api.findgravy.com,https://github.com/craiu/mobiletrackers
domain,zmq5ytc1-api.findgravy.com,https://github.com/craiu/mobiletrackers
domain,mtm1nwmx-api.findgravy.com,https://github.com/craiu/mobiletrackers
domain,gravyanalytics.com,https://github.com/craiu/mobiletrackers
domain,ws.findgravy.com,https://github.com/craiu/mobiletrackers
domain,api.foozor.com,https://github.com/craiu/mobiletrackers
domain,testapi.foozor.com,https://github.com/craiu/mobiletrackers
domain,img01.findgravy.com,https://github.com/craiu/mobiletrackers
domain,img02.findgravy.com,https://github.com/craiu/mobiletrackers
domain,img03.findgravy.com,https://github.com/craiu/mobiletrackers
domain,img04.findgravy.com,https://github.com/craiu/mobiletrackers
domain,pushapi.localytics.com,https://github.com/craiu/mobiletrackers
domain,analytics.localytics.com,https://github.com/craiu/mobiletrackers
domain,profile.localytics.com,https://github.com/craiu/mobiletrackers
domain,in.cuebiq.com,https://github.com/craiu/mobiletrackers
domain,ingestion-api.kiwi.sand.cuebiq.ai,https://github.com/craiu/mobiletrackers
domain,dev.nodle.io,https://github.com/craiu/mobiletrackers
domain,us-central1-production-242307.cloudfunctions.net,https://github.com/craiu/mobiletrackers
domain,api.smartechmetrics.com,https://github.com/craiu/mobiletrackers
domain,firebase-settings.crashlytics.com,https://github.com/craiu/mobiletrackers
domain,update.crashlytics.com,https://github.com/craiu/mobiletrackers
domain,reports.crashlytics.com,https://github.com/craiu/mobiletrackers
domain,pixelprose.fr,https://github.com/craiu/mobiletrackers
domain,onelink.me,https://github.com/craiu/mobiletrackers
domain,onelnk.com,https://github.com/craiu/mobiletrackers
domain,app.aflink.com,https://github.com/craiu/mobiletrackers
domain,t.appsflyer.com,https://github.com/craiu/mobiletrackers
domain,api.mixpanel.com,https://github.com/craiu/mobiletrackers
domain,decide.mixpanel.com,https://github.com/craiu/mobiletrackers
domain,cdn.optimizely.com,https://github.com/craiu/mobiletrackers
domain,logx.optimizely.com,https://github.com/craiu/mobiletrackers
domain,outline.truecaller.com,https://github.com/craiu/mobiletrackers
domain,api4.truecaller.com,https://github.com/craiu/mobiletrackers
domain,c.webengage.com,https://github.com/craiu/mobiletrackers
domain,p.webengage.com,https://github.com/craiu/mobiletrackers
domain,api.branch.io,https://github.com/craiu/mobiletrackers
domain,bnc.lt,https://github.com/craiu/mobiletrackers
domain,cdn.branch.io,https://github.com/craiu/mobiletrackers
domain,e.crashlytics.com,https://github.com/craiu/mobiletrackers
domain,settings.crashlytics.com,https://github.com/craiu/mobiletrackers
domain,js.intercomcdn.com,https://github.com/craiu/mobiletrackers
domain,mobile-sdk-api.intercom.io,https://github.com/craiu/mobiletrackers
domain,wzrkt.com,https://github.com/craiu/mobiletrackers
domain,in.wzrkt.com,https://github.com/craiu/mobiletrackers
domain,api.wzrkt.com,https://github.com/craiu/mobiletrackers
domain,cb.wzrkt.com,https://github.com/craiu/mobiletrackers
domain,eu1-spiky.wzrkt.com,https://github.com/craiu/mobiletrackers
domain,eu1.alb.wzrkt.com,https://github.com/craiu/mobiletrackers
domain,eu1.wzrkt.com,https://github.com/craiu/mobiletrackers
domain,in.cb.wzrkt.com,https://github.com/craiu/mobiletrackers
domain,in1-spiky.wzrkt.com,https://github.com/craiu/mobiletrackers
domain,in1.alb.wzrkt.com,https://github.com/craiu/mobiletrackers
domain,in1.wzrkt.com,https://github.com/craiu/mobiletrackers
domain,sg1-spiky.wzrkt.com,https://github.com/craiu/mobiletrackers
domain,sg1.cb.wzrkt.com,https://github.com/craiu/mobiletrackers
domain,sg1.wzrkt.com,https://github.com/craiu/mobiletrackers
domain,sk1-spiky.wzrkt.com,https://github.com/craiu/mobiletrackers
domain,sk1-staging-1.wzrkt.com,https://github.com/craiu/mobiletrackers
domain,sk1-staging-10.wzrkt.com,https://github.com/craiu/mobiletrackers
domain,sk1-staging-2.wzrkt.com,https://github.com/craiu/mobiletrackers
domain,sk1-staging-3.wzrkt.com,https://github.com/craiu/mobiletrackers
domain,sk1-staging-4.wzrkt.com,https://github.com/craiu/mobiletrackers
domain,sk1-staging-5.wzrkt.com,https://github.com/craiu/mobiletrackers
domain,sk1-staging-6.wzrkt.com,https://github.com/craiu/mobiletrackers
domain,sk1-staging-7.wzrkt.com,https://github.com/craiu/mobiletrackers
domain,sk1-staging-8.wzrkt.com,https://github.com/craiu/mobiletrackers
domain,sk1-staging-9.wzrkt.com,https://github.com/craiu/mobiletrackers
domain,sk1.wzrkt.com,https://github.com/craiu/mobiletrackers
domain,us1-spiky.wzrkt.com,https://github.com/craiu/mobiletrackers
domain,us1.cb.wzrkt.com,https://github.com/craiu/mobiletrackers
domain,us1.wzrkt.com,https://github.com/craiu/mobiletrackers
domain,api.tllms.com,https://github.com/craiu/mobiletrackers
domain,marketing.tllms.com,https://github.com/craiu/mobiletrackers
domain,control.teragence.net,https://github.com/craiu/mobiletrackers
domain,pfsense02-01.is-61194.teragence.net,https://github.com/craiu/mobiletrackers
domain,upload-tutelawest.s3-accelerate.amazonaws.com,https://github.com/craiu/mobiletrackers
domain,reporting-util.tutelatechnologies.com,https://github.com/craiu/mobiletrackers
domain,hail-reporting.tutelatechnologies.com,https://github.com/craiu/mobiletrackers
domain,thepopulator.tutelatechnologies.com,https://github.com/craiu/mobiletrackers
domain,api.huqindustries.co.uk,https://github.com/craiu/mobiletrackers
domain,report.huqindustries.co.uk,https://github.com/craiu/mobiletrackers
domain,charles.huqindustries.co.uk,https://github.com/craiu/mobiletrackers
domain,api.pythonexample.com,https://github.com/craiu/mobiletrackers
domain,sdk.predic.io,https://github.com/craiu/mobiletrackers
domain,kinesis.ap-southeast-1.amazonaws.com,https://github.com/craiu/mobiletrackers
domain,sdk-as.complementics.com,https://github.com/craiu/mobiletrackers
domain,static.complementics.com,https://github.com/craiu/mobiletrackers
domain,redvios.com,https://github.com/craiu/mobiletrackers
domain,v-talk.top,https://github.com/craiu/mobiletrackers
domain,v-talk.vip,https://github.com/craiu/mobiletrackers
domain,ladysizi.top,https://github.com/craiu/mobiletrackers
domain,mmbox.top,https://github.com/craiu/mobiletrackers
domain,oncamera.top,https://github.com/craiu/mobiletrackers
domain,oncast.top,https://github.com/craiu/mobiletrackers
domain,mimibox.top,https://github.com/craiu/mobiletrackers
domain,voicecontrol.top,https://github.com/craiu/mobiletrackers
domain,signaltalk.top,https://github.com/craiu/mobiletrackers
domain,oncamera.vip,https://github.com/craiu/mobiletrackers
domain,dalbam.vip,https://github.com/craiu/mobiletrackers
domain,mimimsg.net,https://github.com/craiu/mobiletrackers
domain,signal-live.vip,https://github.com/craiu/mobiletrackers
domain,tele-gram.vip,https://github.com/craiu/mobiletrackers
domain,vtalk.vip,https://github.com/craiu/mobiletrackers
domain,a-video.vip,https://github.com/craiu/mobiletrackers
domain,livetalk.vip,https://github.com/craiu/mobiletrackers
domain,livetalk.top,https://github.com/craiu/mobiletrackers
domain,download-file.top,https://github.com/craiu/mobiletrackers
domain,grd77.cn,https://github.com/craiu/mobiletrackers
domain,mimicwt.net,https://github.com/craiu/mobiletrackers
domain,super-voice.vip,https://github.com/craiu/mobiletrackers
domain,mimi18s.top,https://github.com/craiu/mobiletrackers
domain,momomsg.top,https://github.com/craiu/mobiletrackers
domain,live-live.vip,https://github.com/craiu/mobiletrackers
domain,zerobyte.top,https://github.com/craiu/mobiletrackers
domain,zerobt.net,https://github.com/craiu/mobiletrackers
domain,w-video.vip,https://github.com/craiu/mobiletrackers
domain,ser-chat.com,https://github.com/craiu/mobiletrackers
domain,tocast.vip,https://github.com/craiu/mobiletrackers
domain,videosound.vip,https://github.com/craiu/mobiletrackers
domain,twi-tter.vip,https://github.com/craiu/mobiletrackers
domain,my-player.vip,https://github.com/craiu/mobiletrackers
domain,voicesupport.vip,https://github.com/craiu/mobiletrackers
domain,gd-1301476296.cos.na-toronto.myqcloud.com,https://github.com/craiu/mobiletrackers
domain,cdn.owebanalytics.com,https://github.com/craiu/mobiletrackers
domain,static.trckingbyte.com,https://github.com/craiu/mobiletrackers
domain,static.trckpath.com,https://github.com/craiu/mobiletrackers
domain,static.privacytrck.com,https://github.com/craiu/mobiletrackers
domain,rctphvxwnjhx.pw,https://github.com/craiu/mobiletrackers
domain,hanstrackr.com,https://github.com/craiu/mobiletrackers
domain,api.mainrepo.org,https://github.com/craiu/mobiletrackers
domain,anayurt.net,https://github.com/craiu/mobiletrackers
domain,apkprue.info,https://github.com/craiu/mobiletrackers
domain,geo2ipapi.org,https://github.com/craiu/mobiletrackers
domain,gotossl.ml,https://github.com/craiu/mobiletrackers
domain,icptime.com,https://github.com/craiu/mobiletrackers
domain,istiqlaihaber.com,https://github.com/craiu/mobiletrackers
domain,misran.org,https://github.com/craiu/mobiletrackers
domain,newyorkingsite.com,https://github.com/craiu/mobiletrackers
domain,playgoog1e.com,https://github.com/craiu/mobiletrackers
domain,preservtyg.com,https://github.com/craiu/mobiletrackers
domain,sslportservices.com,https://github.com/craiu/mobiletrackers
domain,strunhvgpk.com,https://github.com/craiu/mobiletrackers
domain,uhtpuerdfbnm.com,https://github.com/craiu/mobiletrackers
domain,uyghur-news.com,https://github.com/craiu/mobiletrackers
domain,uyghur-soft-market.com,https://github.com/craiu/mobiletrackers
domain,uyghurhaber.com,https://github.com/craiu/mobiletrackers
domain,www.apkhl.pw,https://github.com/craiu/mobiletrackers
domain,apkhl.pw,https://github.com/craiu/mobiletrackers
domain,www.apkpure.bz,https://github.com/craiu/mobiletrackers
domain,apkpure.bz,https://github.com/craiu/mobiletrackers
domain,www.liveupdate.cc,https://github.com/craiu/mobiletrackers
domain,www.appmarket.co,https://github.com/craiu/mobiletrackers
domain,www.recentnews.cc,https://github.com/craiu/mobiletrackers
domain,www.truckrental.cc,https://github.com/craiu/mobiletrackers
domain,www.everestnote.com,https://github.com/craiu/mobiletrackers
domain,www.alinbox.co,https://github.com/craiu/mobiletrackers
domain,www.suppro.co,https://github.com/craiu/mobiletrackers
domain,wcf.seven1029.com,https://github.com/craiu/mobiletrackers
domain,foodin.site,https://github.com/craiu/mobiletrackers
domain,flushdata.1topspy.com,https://github.com/Te-k/stalkerware-indicators
domain,webservicesdb.mobiispy.com,https://github.com/Te-k/stalkerware-indicators
domain,hellospy.com,https://github.com/Te-k/stalkerware-indicators
domain,mobiispy.com,https://github.com/Te-k/stalkerware-indicators
domain,1topspy.com,https://github.com/Te-k/stalkerware-indicators
domain,flushdbd.maxxspy.com,https://github.com/Te-k/stalkerware-indicators
domain,maxxspy.com,https://github.com/Te-k/stalkerware-indicators
domain,flushdata2.hellospy.com,https://github.com/Te-k/stalkerware-indicators
domain,flushdata.hellospy.com,https://github.com/Te-k/stalkerware-indicators
domain,flushdata3.hellospy.com,https://github.com/Te-k/stalkerware-indicators
domain,flushdata5.hellospy.com,https://github.com/Te-k/stalkerware-indicators
domain,account.logger.mobi,https://github.com/Te-k/stalkerware-indicators
domain,97.logger.mobi,https://github.com/Te-k/stalkerware-indicators
domain,beta-api.logger.mobi,https://github.com/Te-k/stalkerware-indicators
domain,beta.logger.mobi,https://github.com/Te-k/stalkerware-indicators
domain,ps97mailer.logger.mobi,https://github.com/Te-k/stalkerware-indicators
domain,logger.mobi,https://github.com/Te-k/stalkerware-indicators
ipv4,172.67.81.216,https://github.com/Te-k/stalkerware-indicators
ipv4,104.25.28.15,https://github.com/Te-k/stalkerware-indicators
ipv4,104.25.29.15,https://github.com/Te-k/stalkerware-indicators
domain,server.freeandroidspy.com,https://github.com/Te-k/stalkerware-indicators
domain,freeandroidspy.com,https://github.com/Te-k/stalkerware-indicators
ipv4,46.40.125.240,https://github.com/Te-k/stalkerware-indicators
ipv4,199.38.181.70,https://github.com/Te-k/stalkerware-indicators
domain,my.ispyoo.com,https://github.com/Te-k/stalkerware-indicators
domain,ispyoo.com,https://github.com/Te-k/stalkerware-indicators
domain,protocol-a.ispyoo.com,https://github.com/Te-k/stalkerware-indicators
domain,protocol-a810.ispyoo.com,https://github.com/Te-k/stalkerware-indicators
domain,protocol-a811.ispyoo.com,https://github.com/Te-k/stalkerware-indicators
domain,protocol-a89.ispyoo.com,https://github.com/Te-k/stalkerware-indicators
domain,protocol.ispyoo.com,https://github.com/Te-k/stalkerware-indicators
ipv4,69.64.81.166,https://github.com/Te-k/stalkerware-indicators
domain,mobispy.net,https://github.com/Te-k/stalkerware-indicators
domain,my.mobispy.net,https://github.com/Te-k/stalkerware-indicators
domain,reptilicus.net,https://github.com/Te-k/stalkerware-indicators
ipv4,176.9.42.16,https://github.com/Te-k/stalkerware-indicators
domain,www.shadow-logs.com,https://github.com/Te-k/stalkerware-indicators
domain,shadow-spy.com,https://github.com/Te-k/stalkerware-indicators
domain,snoopza.com,https://github.com/Te-k/stalkerware-indicators
domain,my.snoopza.com,https://github.com/Te-k/stalkerware-indicators
domain,my2.snoopza.com,https://github.com/Te-k/stalkerware-indicators
domain,api.snoopza.com,https://github.com/Te-k/stalkerware-indicators
ipv4,217.182.250.165,https://github.com/Te-k/stalkerware-indicators
ipv4,46.105.57.148,https://github.com/Te-k/stalkerware-indicators
domain,www.spy-datacenter.com,https://github.com/Te-k/stalkerware-indicators
domain,spy2mobile.com,https://github.com/Te-k/stalkerware-indicators
domain,spytomobile.com,https://github.com/Te-k/stalkerware-indicators
domain,sap4mobile.com,https://github.com/Te-k/stalkerware-indicators
ipv4,139.59.125.208,https://github.com/Te-k/stalkerware-indicators
domain,tchsrvce.com,https://github.com/Te-k/stalkerware-indicators
domain,talklog.tools,https://github.com/Te-k/stalkerware-indicators
ipv4,78.46.34.14,https://github.com/Te-k/stalkerware-indicators
domain,protocol-a.thetruthspy.com,https://github.com/Te-k/stalkerware-indicators
domain,protocol-a610.thetruthspy.com,https://github.com/Te-k/stalkerware-indicators
domain,protocol-a6.thetruthspy.com,https://github.com/Te-k/stalkerware-indicators
domain,protocol-a611.thetruthspy.com,https://github.com/Te-k/stalkerware-indicators
domain,protocol-a810.thetruthspy.com,https://github.com/Te-k/stalkerware-indicators
domain,protocol-a930.thetruthspy.com,https://github.com/Te-k/stalkerware-indicators
domain,thetruthspy.com,https://github.com/Te-k/stalkerware-indicators
domain,setupmail.icloudappe.com,https://github.com/Te-k/stalkerware-indicators
domain,icloudappe.com,https://github.com/Te-k/stalkerware-indicators
domain,protocol-a741.thetruthspy.com,https://github.com/Te-k/stalkerware-indicators
domain,protocol-a748.thetruthspy.com,https://github.com/Te-k/stalkerware-indicators
domain,media.thetruthspy.com,https://github.com/Te-k/stalkerware-indicators
domain,protocol-a744.thetruthspy.com,https://github.com/Te-k/stalkerware-indicators
domain,media-sync-a930.thetruthspy.com,https://github.com/Te-k/stalkerware-indicators
domain,protocol-a733.thetruthspy.com,https://github.com/Te-k/stalkerware-indicators
domain,protocol-a734.thetruthspy.com,https://github.com/Te-k/stalkerware-indicators
domain,media-sync-a920.thetruthspy.com,https://github.com/Te-k/stalkerware-indicators
domain,setupmail-a737.icloudappe.com,https://github.com/Te-k/stalkerware-indicators
domain,protocol-a736.thetruthspy.com,https://github.com/Te-k/stalkerware-indicators
domain,protocol-a737.thetruthspy.com,https://github.com/Te-k/stalkerware-indicators
domain,protocol-a745.thetruthspy.com,https://github.com/Te-k/stalkerware-indicators
domain,media-sync-a825.thetruthspy.com,https://github.com/Te-k/stalkerware-indicators
domain,protocol-a746.thetruthspy.com,https://github.com/Te-k/stalkerware-indicators
domain,setupmail-a742.icloudappe.com,https://github.com/Te-k/stalkerware-indicators
domain,protocol-a738.thetruthspy.com,https://github.com/Te-k/stalkerware-indicators
domain,protocol-a735.thetruthspy.com,https://github.com/Te-k/stalkerware-indicators
domain,protocol.thetruthspy.com,https://github.com/Te-k/stalkerware-indicators
domain,protocol-a742.thetruthspy.com,https://github.com/Te-k/stalkerware-indicators
domain,protocol-a749.thetruthspy.com,https://github.com/Te-k/stalkerware-indicators
domain,setupmail-a732.icloudappe.com,https://github.com/Te-k/stalkerware-indicators
domain,protocol-a732.thetruthspy.com,https://github.com/Te-k/stalkerware-indicators
domain,protocol-a722.thetruthspy.com,https://github.com/Te-k/stalkerware-indicators
domain,protocol-a724.thetruthspy.com,https://github.com/Te-k/stalkerware-indicators
domain,media-sync-a925.thetruthspy.com,https://github.com/Te-k/stalkerware-indicators
domain,protocol-a743.thetruthspy.com,https://github.com/Te-k/stalkerware-indicators
domain,protocol-a727.thetruthspy.com,https://github.com/Te-k/stalkerware-indicators
domain,setupmail-a727.icloudappe.com,https://github.com/Te-k/stalkerware-indicators
domain,setupmail-a735.icloudappe.com,https://github.com/Te-k/stalkerware-indicators
domain,setupmail-a.icloudappe.com,https://github.com/Te-k/stalkerware-indicators
domain,setupmail-a743.icloudappe.com,https://github.com/Te-k/stalkerware-indicators
domain,protocol-a740.thetruthspy.com,https://github.com/Te-k/stalkerware-indicators
domain,setupmail-a745.icloudappe.com,https://github.com/Te-k/stalkerware-indicators
domain,protocol-a731.thetruthspy.com,https://github.com/Te-k/stalkerware-indicators
domain,protocol-a739.thetruthspy.com,https://github.com/Te-k/stalkerware-indicators
domain,setupmail-a748.icloudappe.com,https://github.com/Te-k/stalkerware-indicators
domain,media-sync-a748.thetruthspy.com,https://github.com/Te-k/stalkerware-indicators
domain,setupmail-a722.icloudappe.com,https://github.com/Te-k/stalkerware-indicators
domain,media-sync-a915.thetruthspy.com,https://github.com/Te-k/stalkerware-indicators
domain,protocol-a730.thetruthspy.com,https://github.com/Te-k/stalkerware-indicators
domain,protocol-a720.thetruthspy.com,https://github.com/Te-k/stalkerware-indicators
domain,media-sync-a910.thetruthspy.com,https://github.com/Te-k/stalkerware-indicators
domain,setupmail-a746.icloudappe.com,https://github.com/Te-k/stalkerware-indicators
domain,media-sync-a746.thetruthspy.com,https://github.com/Te-k/stalkerware-indicators
domain,media-sync-a830.thetruthspy.com,https://github.com/Te-k/stalkerware-indicators
domain,setupmail-a741.icloudappe.com,https://github.com/Te-k/stalkerware-indicators
domain,setupmail-a726.icloudappe.com,https://github.com/Te-k/stalkerware-indicators
domain,protocol-a728.thetruthspy.com,https://github.com/Te-k/stalkerware-indicators
domain,protocol-a723.thetruthspy.com,https://github.com/Te-k/stalkerware-indicators
domain,media-sync-a810.thetruthspy.com,https://github.com/Te-k/stalkerware-indicators
domain,protocol-a721.thetruthspy.com,https://github.com/Te-k/stalkerware-indicators
domain,protocol-a726.thetruthspy.com,https://github.com/Te-k/stalkerware-indicators
domain,protocol-a725.thetruthspy.com,https://github.com/Te-k/stalkerware-indicators
domain,protocol-a729.thetruthspy.com,https://github.com/Te-k/stalkerware-indicators
domain,protocol-a747.thetruthspy.com,https://github.com/Te-k/stalkerware-indicators
domain,setupmail-a733.icloudappe.com,https://github.com/Te-k/stalkerware-indicators
domain,setupmail-a744.icloudappe.com,https://github.com/Te-k/stalkerware-indicators
domain,media-sync-a835.thetruthspy.com,https://github.com/Te-k/stalkerware-indicators
domain,setupmail-a720.icloudappe.com,https://github.com/Te-k/stalkerware-indicators
domain,media-sync-a743.thetruthspy.com,https://github.com/Te-k/stalkerware-indicators
domain,media-sync-a895.thetruthspy.com,https://github.com/Te-k/stalkerware-indicators
domain,media-sync-a740.thetruthspy.com,https://github.com/Te-k/stalkerware-indicators
domain,setupmail-a747.icloudappe.com,https://github.com/Te-k/stalkerware-indicators
domain,setupmail-a734.icloudappe.com,https://github.com/Te-k/stalkerware-indicators
domain,media-sync-a820.thetruthspy.com,https://github.com/Te-k/stalkerware-indicators
domain,setupmail-a740.icloudappe.com,https://github.com/Te-k/stalkerware-indicators
domain,setupmail-a738.icloudappe.com,https://github.com/Te-k/stalkerware-indicators
domain,media-sync-a749.thetruthspy.com,https://github.com/Te-k/stalkerware-indicators
domain,media-sync-a747.thetruthspy.com,https://github.com/Te-k/stalkerware-indicators
domain,setupmail-a729.icloudappe.com,https://github.com/Te-k/stalkerware-indicators
domain,setupmail-a724.icloudappe.com,https://github.com/Te-k/stalkerware-indicators
domain,setupmail-a725.icloudappe.com,https://github.com/Te-k/stalkerware-indicators
domain,protocol-monitor.thetruthspy.com,https://github.com/Te-k/stalkerware-indicators
domain,my.thespyapp.com,https://github.com/Te-k/stalkerware-indicators
ipv4,69.64.91.29,https://github.com/Te-k/stalkerware-indicators
ipv4,69.64.81.49,https://github.com/Te-k/stalkerware-indicators
ipv4,69.64.74.239,https://github.com/Te-k/stalkerware-indicators
ipv4,69.64.81.98,https://github.com/Te-k/stalkerware-indicators
domain,trackmyphones.com,https://github.com/Te-k/stalkerware-indicators
domain,www.trackmyphones.com,https://github.com/Te-k/stalkerware-indicators
domain,mycloud1.wisemo.com,https://github.com/Te-k/stalkerware-indicators
domain,mycloud.wisemo.com,https://github.com/Te-k/stalkerware-indicators
domain,xnore.com,https://github.com/Te-k/stalkerware-indicators
ipv4,162.144.212.52,https://github.com/Te-k/stalkerware-indicators
domain,appspy.net,https://github.com/Te-k/stalkerware-indicators
domain,www.appspy.com,https://github.com/Te-k/stalkerware-indicators
ipv4,167.114.114.207,https://github.com/Te-k/stalkerware-indicators
domain,catwatchful.com,https://github.com/Te-k/stalkerware-indicators
ipv4,45.114.224.147,https://github.com/Te-k/stalkerware-indicators
ipv4,162.144.75.253,https://github.com/Te-k/stalkerware-indicators
domain,copy9.com,https://github.com/Te-k/stalkerware-indicators
domain,my.copy9.com,https://github.com/Te-k/stalkerware-indicators
domain,protocol-a621.copy9.com,https://github.com/Te-k/stalkerware-indicators
domain,protocol-a.copy9.com,https://github.com/Te-k/stalkerware-indicators
domain,protocol-a610.copy9.com,https://github.com/Te-k/stalkerware-indicators
domain,protocol-a611.copy9.com,https://github.com/Te-k/stalkerware-indicators
domain,protocol-a612.copy9.com,https://github.com/Te-k/stalkerware-indicators
domain,protocol-a614.copy9.com,https://github.com/Te-k/stalkerware-indicators
domain,protocol-a615.copy9.com,https://github.com/Te-k/stalkerware-indicators
domain,protocol-a616.copy9.com,https://github.com/Te-k/stalkerware-indicators
domain,protocol-a617.copy9.com,https://github.com/Te-k/stalkerware-indicators
domain,protocol-a618.copy9.com,https://github.com/Te-k/stalkerware-indicators
domain,protocol-a620.copy9.com,https://github.com/Te-k/stalkerware-indicators
domain,protocol-a69.copy9.com,https://github.com/Te-k/stalkerware-indicators
domain,protocol-a696.copy9.com,https://github.com/Te-k/stalkerware-indicators
domain,protocol-a710.copy9.com,https://github.com/Te-k/stalkerware-indicators
domain,protocol-a780.copy9.com,https://github.com/Te-k/stalkerware-indicators
domain,protocol-viewer-a.copy9.com,https://github.com/Te-k/stalkerware-indicators
domain,protocol.copy9.com,https://github.com/Te-k/stalkerware-indicators
domain,thetruthspy.com,https://github.com/Te-k/stalkerware-indicators
domain,protocol-a723.thetruthspy.com,https://github.com/Te-k/stalkerware-indicators
domain,97.logger.mobi,https://github.com/Te-k/stalkerware-indicators
domain,logger.mobi,https://github.com/Te-k/stalkerware-indicators
domain,trkps.com,https://github.com/Te-k/stalkerware-indicators
domain,flexispy.com,https://github.com/Te-k/stalkerware-indicators
domain,client.mobilefonex.com,https://github.com/Te-k/stalkerware-indicators
domain,test-client.mobilefonex.com,https://github.com/Te-k/stalkerware-indicators
domain,push.mobilefonex.com,https://github.com/Te-k/stalkerware-indicators
domain,mflx.biz,https://github.com/Te-k/stalkerware-indicators
domain,dmw.bz,https://github.com/Te-k/stalkerware-indicators
domain,djp.bz,https://github.com/Te-k/stalkerware-indicators
domain,dmw.cc,https://github.com/Te-k/stalkerware-indicators
ip,119.8.35.235,https://github.com/Te-k/stalkerware-indicators
domain,protocol-a.guestspy.com,https://github.com/Te-k/stalkerware-indicators
domain,protocol-a5.guestspy.com,https://github.com/Te-k/stalkerware-indicators
domain,protocol-a65.guestspy.com,https://github.com/Te-k/stalkerware-indicators
domain,protocol-a70.guestspy.com,https://github.com/Te-k/stalkerware-indicators
domain,protocol.guestspy.com,https://github.com/Te-k/stalkerware-indicators
domain,protocol-a58.guestspy.com,https://github.com/Te-k/stalkerware-indicators
domain,protocol-a59.guestspy.com,https://github.com/Te-k/stalkerware-indicators
domain,protocol-a60.guestspy.com,https://github.com/Te-k/stalkerware-indicators
domain,guestspy.com,https://github.com/Te-k/stalkerware-indicators
domain,evt17.com,https://github.com/Te-k/stalkerware-indicators
domain,ddiutilities.com,https://github.com/Te-k/stalkerware-indicators
domain,hoverwatch.com,https://github.com/Te-k/stalkerware-indicators
domain,i.hoverwatch.com,https://github.com/Te-k/stalkerware-indicators
domain,account.refog.com,https://github.com/Te-k/stalkerware-indicators
domain,rec.hw.cab,https://github.com/Te-k/stalkerware-indicators
domain,hwa.cab,https://github.com/Te-k/stalkerware-indicators
ip,198.100.150.203,https://github.com/Te-k/stalkerware-indicators
domain,www.imonitorsoft.com,https://github.com/Te-k/stalkerware-indicators
domain,www.imonitorsoft.cn,https://github.com/Te-k/stalkerware-indicators
domain,letmespy.com,https://github.com/Te-k/stalkerware-indicators
domain,remotecommands.com,https://github.com/Te-k/stalkerware-indicators
domain,www.mspyonline.com,https://github.com/Te-k/stalkerware-indicators
domain,my.mspyonline.com,https://github.com/Te-k/stalkerware-indicators
domain,thd.cc,https://github.com/Te-k/stalkerware-indicators
domain,a.thd.cc,https://github.com/Te-k/stalkerware-indicators
domain,protocol-a811.mxspy.com,https://github.com/Te-k/stalkerware-indicators
domain,www.mxspy.com,https://github.com/Te-k/stalkerware-indicators
domain,protocol.mxspy.com,https://github.com/Te-k/stalkerware-indicators
domain,protocol-a810.mxspy.com,https://github.com/Te-k/stalkerware-indicators
domain,protocol-a89.mxspy.com,https://github.com/Te-k/stalkerware-indicators
domain,protocol-a.mxspy.com,https://github.com/Te-k/stalkerware-indicators
domain,www.phonespying.com,https://github.com/Te-k/stalkerware-indicators
domain,reptilicus.net,https://github.com/Te-k/stalkerware-indicators
domain,data.reptilicus.net,https://github.com/Te-k/stalkerware-indicators
domain,proxy.reptilicus.net,https://github.com/Te-k/stalkerware-indicators
domain,rp.apollospy.com,https://github.com/Te-k/stalkerware-indicators
domain,client.spyhide.com,https://github.com/Te-k/stalkerware-indicators
domain,spyhide.com,https://github.com/Te-k/stalkerware-indicators
domain,account.cellphone-remote-tracker.com,https://github.com/Te-k/stalkerware-indicators
domain,cellphone-remote-tracker.com,https://github.com/Te-k/stalkerware-indicators
domain,www.spyhide.com,https://github.com/Te-k/stalkerware-indicators
domain,spyhide.ir,https://github.com/Te-k/stalkerware-indicators
domain,www.spyhide.ir,https://github.com/Te-k/stalkerware-indicators
domain,client.spyhide.ir,https://github.com/Te-k/stalkerware-indicators
domain,virsis.net,https://github.com/Te-k/stalkerware-indicators
ipv4,78.47.16.3,https://github.com/Te-k/stalkerware-indicators
domain,www.spy-phone-app.com,https://github.com/Te-k/stalkerware-indicators
domain,www.spy-datacenter.com,https://github.com/Te-k/stalkerware-indicators
domain,www.spappmonitoring.com,https://github.com/Te-k/stalkerware-indicators
domain,protocol-a712.fonetracker.com,https://github.com/Te-k/stalkerware-indicators
domain,protocol-a100.fonetracker.com,https://github.com/Te-k/stalkerware-indicators
domain,protocol-a780.fonetracker.com,https://github.com/Te-k/stalkerware-indicators
domain,sync-a712.fonetracker.com,https://github.com/Te-k/stalkerware-indicators
domain,fonetracker.com,https://github.com/Te-k/stalkerware-indicators
domain,www.netspy.net,https://github.com/Te-k/stalkerware-indicators
domain,app-api.spyzie.com,https://github.com/Te-k/stalkerware-indicators
domain,my.spyzie.com,https://github.com/Te-k/stalkerware-indicators
domain,app.api.spyzie.wondershare.cn,https://github.com/Te-k/stalkerware-indicators
domain,data.api.spyzie.wondershare.cn,https://github.com/Te-k/stalkerware-indicators
domain,data-api.spyzie.com,https://github.com/Te-k/stalkerware-indicators
domain,www.spyzie.com,https://github.com/Te-k/stalkerware-indicators
domain,i.spyzie.io,https://github.com/Te-k/stalkerware-indicators
domain,neospy.pro,https://github.com/Te-k/stalkerware-indicators
domain,neospy.net,https://github.com/Te-k/stalkerware-indicators
domain,neospy.tech,https://github.com/Te-k/stalkerware-indicators
domain,server.androidmonitor.com,https://github.com/Te-k/stalkerware-indicators
domain,www.androidmonitor.com,https://github.com/Te-k/stalkerware-indicators
domain,alltracker.org,https://github.com/Te-k/stalkerware-indicators
domain,staging-all-tracker.appspot.com,https://github.com/Te-k/stalkerware-indicators
domain,6-dot-all-tracker.appspot.com,https://github.com/Te-k/stalkerware-indicators
domain,4-dot-all-tracker.appspot.com,https://github.com/Te-k/stalkerware-indicators
domain,www.mobistealth.com,https://github.com/Te-k/stalkerware-indicators
domain,dwn.vys.me,https://github.com/Te-k/stalkerware-indicators
domain,www.vys.me,https://github.com/Te-k/stalkerware-indicators
ip,5.79.71.114,https://github.com/Te-k/stalkerware-indicators
domain,talklog.tools,https://github.com/Te-k/stalkerware-indicators
domain,tchsrvce.com,https://github.com/Te-k/stalkerware-indicators
domain,xnspy.com,https://github.com/Te-k/stalkerware-indicators
domain,sync.xiz4me.com,https://github.com/Te-k/stalkerware-indicators
domain,www.cerberusapp.com,https://github.com/Te-k/stalkerware-indicators
domain,www.mtoolapp.net,https://github.com/Te-k/stalkerware-indicators
domain,mtoolapp.net,https://github.com/Te-k/stalkerware-indicators
domain,mobiletool.ru,https://github.com/Te-k/stalkerware-indicators
domain,sp.kuuvv.com,https://github.com/Te-k/stalkerware-indicators
domain,cocospy.com,https://github.com/Te-k/stalkerware-indicators
domain,i.minspy.com,https://github.com/Te-k/stalkerware-indicators
domain,i.neatspy.com,https://github.com/Te-k/stalkerware-indicators
domain,i.spyic.com,https://github.com/Te-k/stalkerware-indicators
domain,i.spyier.com,https://github.com/Te-k/stalkerware-indicators
domain,aovivo.foxspy.com.br,https://github.com/Te-k/stalkerware-indicators
domain,pc.foxspy.com.br,https://github.com/Te-k/stalkerware-indicators
domain,servidor.in,https://github.com/Te-k/stalkerware-indicators
domain,n.servidor.in,https://github.com/Te-k/stalkerware-indicators
domain,l.servidor.in,https://github.com/Te-k/stalkerware-indicators
domain,celular007.s3.amazonaws.com,https://github.com/Te-k/stalkerware-indicators
domain,s1.spylive360.com,https://github.com/Te-k/stalkerware-indicators
domain,s2.spylive360.com,https://github.com/Te-k/stalkerware-indicators
domain,s3.spylive360.com,https://github.com/Te-k/stalkerware-indicators
domain,spylive360.com,https://github.com/Te-k/stalkerware-indicators
domain,senseye.spymasterpro.com,https://github.com/Te-k/stalkerware-indicators
domain,spymasterpro.com,https://github.com/Te-k/stalkerware-indicators
domain,www.spymasterpro.com,https://github.com/Te-k/stalkerware-indicators
ipv4,91.121.70.22,https://github.com/Te-k/stalkerware-indicators
domain,ikm.awsapi.io,https://github.com/Te-k/stalkerware-indicators
domain,emcpanel.com,https://github.com/Te-k/stalkerware-indicators
domain,users.easemon.com,https://github.com/Te-k/stalkerware-indicators
domain,ikeymonitor.com,https://github.com/Te-k/stalkerware-indicators
ipv4,172.67.82.183,https://github.com/Te-k/stalkerware-indicators
ipv4,104.25.170.109,https://github.com/Te-k/stalkerware-indicators
ipv4,104.25.169.109,https://github.com/Te-k/stalkerware-indicators
ipv4,104.26.15.56,https://github.com/Te-k/stalkerware-indicators
ipv4,172.67.73.2,https://github.com/Te-k/stalkerware-indicators
ipv4,104.26.14.56,https://github.com/Te-k/stalkerware-indicators
ipv4,172.67.194.85,https://github.com/Te-k/stalkerware-indicators
ipv4,104.18.54.129,https://github.com/Te-k/stalkerware-indicators
ipv4,104.18.55.129,https://github.com/Te-k/stalkerware-indicators
domain,spyhuman.com,https://github.com/Te-k/stalkerware-indicators
domain,apispyhuman.com,https://github.com/Te-k/stalkerware-indicators
ipv4,213.239.228.196,https://github.com/Te-k/stalkerware-indicators
domain,i.neatspy.com,https://github.com/Te-k/stalkerware-indicators
domain,i.safespy.com,https://github.com/Te-k/stalkerware-indicators
domain,i.spyier.com,https://github.com/Te-k/stalkerware-indicators
domain,i.spyine.com,https://github.com/Te-k/stalkerware-indicators
domain,i.minspy.com,https://github.com/Te-k/stalkerware-indicators
domain,i.spyic.com,https://github.com/Te-k/stalkerware-indicators
domain,us.umobix.com,https://github.com/Te-k/stalkerware-indicators
domain,lb.theonespy.com,https://github.com/Te-k/stalkerware-indicators
domain,im.theonespy.com,https://github.com/Te-k/stalkerware-indicators
domain,node-api.theonespy.com,https://github.com/Te-k/stalkerware-indicators
domain,node1.theonespy.com,https://github.com/Te-k/stalkerware-indicators
domain,node2.theonespy.com,https://github.com/Te-k/stalkerware-indicators
domain,node3.theonespy.com,https://github.com/Te-k/stalkerware-indicators
domain,node4.theonespy.com,https://github.com/Te-k/stalkerware-indicators
domain,node5.theonespy.com,https://github.com/Te-k/stalkerware-indicators
ipv4,85.13.218.229,https://github.com/Te-k/stalkerware-indicators
ipv4,85.13.206.195,https://github.com/Te-k/stalkerware-indicators
domain,viptrack.pro,original
